"MOBILI IN TECNORATTAN","LINEA NUVOLA"
"MOBILI IN TECNORATTAN","LINEA LUXOR"
"MOBILI IN TECNORATTAN","LINEA MILOS"
"MOBILI IN TECNORATTAN","LINEA SYMI"
"MOBILI IN TECNORATTAN","SET SFERA"
"MOBILI IN TECNORATTAN","POLTRONA NIDO"
"MOBILI IN TECNORATTAN","LINEA SYROS"
"MOBILI IN TECNORATTAN","LINEA OSLO"
"MOBILI IN TECNORATTAN","LINEA RODI"
"MOBILI IN TECNORATTAN","LINEA ALASSIO"
"MOBILI IN TECNORATTAN","LINEA RECANATI SMONTABILE"
"MOBILI IN TECNORATTAN","LINEA LEVANTO"
"MOBILI IN TECNORATTAN","LINEA MIRTO/CAMELIA"
"MOBILI IN TECNORATTAN","POLTRONCINA BACOLI"
"MOBILI IN TECNORATTAN","POLTRONCINA ERICE"
"MOBILI IN ACCIAIO INOX","LINEA INOX TOCCOLMA"
"MOBILI IN ACCIAIO INOX","LINEA INOX HELSINKI"
"MOBILI IN ALLUMINIO","LINEA ALLUMINIO TIARE' "
"MOBILI IN ALLUMINIO","LINEA ALLUMINIO"
"MOBILI IN ALLUMINIO","LINEA ALLUMINIO BUCANEVE"
"MOBILI IN ALLUMINIO","LINEA ALLUMINIO ERICA E CICLAMINO"
"MOBILI IN FERRO","LINEA PUCCINI"
"BASI PER TAVOLI","BASI SPICA"
"BASI PER TAVOLI","BASI MIZAR"
"BASI PER TAVOLI","BASI ANTARES"
"BASI PER TAVOLI","BASI SIRIO"
"BASI PER TAVOLI","BASE REGOLO"
"BASI PER TAVOLI","BASE VEGA"
"BASI PER TAVOLI","BASI ICE"
"PIANI PER TAVOLI","PIANI IN MOSAICO DI MARMO"
"PIANI PER TAVOLI","PIANI IN GRANITO NERO"
"PIANI PER TAVOLI","PIANI IN GRANITO PEPE E SALE"
"PIANI PER TAVOLI","PIANI IN TEAK"
"PIANI PER TAVOLI","PIANI IN HPL"
"PIANI PER TAVOLI","PIANI IN WERZALIT"
"MOBILI IN RESIN RATTAN","MIAMI LOUNGE "
"MOBILI IN RESIN RATTAN","CAPRI"
"MOBILI IN RESIN RATTAN","VERONA"
"MOBILI IN RESIN RATTAN","IBIZA"
"MOBILI IN RESIN RATTAN","BALI"
"MOBILI IN RESIN RATTAN","TAHITI"
"MOBILI IN RESIN RATTAN","FIJI"
"MOBILI IN SINTETICO","SEDIA TIFFANY"
"MOBILI IN SINTETICO","SEDIA TIFFANY S"
"MOBILI IN SINTETICO","SEDIA CON BRACCIOLI DEJAVU"
"MOBILI IN SINTETICO","SEDIA CON BRACCIOLI ARTHUR"
"MOBILI IN SINTETICO","SEDIA CRYSTAL"
"MOBILI IN SINTETICO","SEDIA VICTORIA"
"MOBILI IN SINTETICO","SEDIA ELIZABETH"
"MOBILI IN SINTETICO","SEDIA ELIZABETH BABY"
"MOBILI IN SINTETICO","TAVOLINO QUEEN"
"MOBILI IN SINTETICO","SEDIA BIBI"
"MOBILI IN SINTETICO","SEDIA MAYA"
"MOBILI IN SINTETICO","SEDIA BELLA"
"MOBILI IN SINTETICO","SEDIA LUCCA"
"MOBILI IN SINTETICO","SEDIA ROMEO"
"MOBILI IN SINTETICO","SGABELLO FOX"
"MOBILI IN SINTETICO","SGABELLO GIO"
"MOBILI IN SINTETICO","SGABELLO ARIA"
"MOBILI IN SINTETICO","TAVOLO MANGO"
"MOBILI IN SINTETICO","TAVOLO MANGO - ALU"
"MOBILI IN SINTETICO","TAVOLO FORZA"
"MOBILI IN SINTETICO","TAVOLO POPPY"
"PARAVENTI","WINDBLOCKER ALTEZZA SCATOLA DA 127 CM. A 150 CM. - ESTENSIONE TELA 200 CM."
"PARAVENTI","WINDBLOCKER ALTEZZA SCATOLA DA 127 CM. A 150 CM. - ESTENSIONE TELA 300 CM."
"PARAVENTI","WINDBLOCKER ALTEZZA SCATOLA DA 127 CM. A 150 CM. - ESTENSIONE TELA 400 CM. "
"PARAVENTI","WINDBLOCKER ALTEZZA SCATOLA DA 151 CM. A 200 CM. - ESTENSIONE TELA 200 CM. "
"PARAVENTI","WINDBLOCKER ALTEZZA SCATOLA DA 151 CM. A 200 CM. - ESTENSIONE TELA 300 CM. "
"PARAVENTI","WINDBLOCKER ALTEZZA SCATOLA DA 151 CM. A 200 CM. - ESTENSIONE TELA 400 CM. "
"PERGOLE","PERGOLA A MURO PROSTOR CM. 350X348X250 H"
"PERGOLE","PERGOLA A MURO PROSTOR CM. 350X508X250 H"
"PERGOLE","PERGOLA PROSTOR CM. 350X348X250 H"
"PERGOLE","PERGOLA PROSTOR CM. 350X508X250 H"
"PERGOLE","PERGOLA CON TENDE PROSTOR CM. 350X348X250 H"
"PERGOLE","PERGOLA CON TENDE PROSTOR CM. 350X508X250 H"
"OMBRELLONI","OMBRELLONE PROSTOR P7 UNO"
"OMBRELLONI","OMBRELLONE PROSTOR P7 MURAL"
"OMBRELLONI","OMBRELLONE PROSTOR P7 XL"
"OMBRELLONI","OMBRELLONE PROSTOR P7 XL"
"OMBRELLONI","OMBRELLONE PROSTOR P6 UNO"
"OMBRELLONI","OMBRELLONE PROSTOR P6 DUO"
"OMBRELLONI","OMBRELLONE PROSTOR P6 TRIO"
"OMBRELLONI","OMBRELLONE PROSTOR P6 QUATTRO"
"OMBRELLONI","OMBRELLONE P6 XL UNO"
"OMBRELLONI","OMBRELLONE P6 XL DUO"
"OMBRELLONI","OMBRELLONE P6 XL TRIO"
"OMBRELLONI","OMBRELLONE P6 XL QUATTRO"
"OMBRELLONI","OMBRELLONE PROSTOR P3"
"OMBRELLONI","OMBRELLONE + BASE SUNGARDEN 320X320"
"OMBRELLONI","OMBRELLONE + BASE SUNGARDEN Ø 350"
"OMBRELLONI","OMBRELLONE + BASE SUNGARDEN Ø 375"
"OMBRELLONI","OMBRELLONE NEMI CM 300X300"
"OMBRELLONI","OMBRELLONE NEMI CM 300X400"
"OMBRELLONI","OMBRELLONE MAESTRALE Ø CM 300"
"OMBRELLONI","OMBRELLONE ISEO CM 250X250"
"OMBRELLONI","OMBRELLONE TRASIMENO CM 300X300"
"OMBRELLONI","OMBRELLONE TRASIMENO CM 300X400"
"OMBRELLONI","OMBRELLONE AVERNO CM 300X300"
"OMBRELLONI","OMBRELLONE AVERNO CM 300X400"
"OMBRELLONI","OMBRELLONE TELESCOPICO MAGGIORE CM 400X400"
"OMBRELLONI","OMBRELLONE VICO CM 300X300"
"OMBRELLONI","OMBRELLONE VICO CM 300X400"
"OMBRELLONI","OMBRELLONE PONENTE Ø CM 300"
"OMBRELLONI","OMBRELLONE PONENTE CM 300X300"
"OMBRELLONI","OMBRELLONE PONENTE CM 300X300"
"OMBRELLONI","OMBRELLONE MOLVENO Ø 300"
"OMBRELLONI","OMBRELLONE MOLVENO CM 250X250"
"OMBRELLONI","OMBRELLONE MOLVENO CM 250X250"
"OMBRELLONI","OMBRELLONE MOLVENO CM 200X300"
"OMBRELLONI","OMBRELLONE MOLVENO CM 200X300"
"OMBRELLONI","OMBRELLONE GARDA Ø CM 300"
"OMBRELLONI","OMBRELLONE GARDA CM 200X300"
"OMBRELLONI","OMBRELLONE GARDA CM 300X300"
"OMBRELLONI","OMBRELLONE IDRO CM 220X220"
"OMBRELLONI","OMBRELLONE BRACCIANO Ø CM 300"
"OMBRELLONI","OMBRELLONE BRACCIANO CM 200X300"
"OMBRELLONI","OMBRELLONE BRACCIANO CM 300X300"
"OMBRELLONI","OMBRELLONE BRACCIANO CM 300X400"
"OMBRELLONI","OMBRELLONE BOLSENA"
"BASI OMBRELLONE","BASE OMBRELLONE GIOVE TONDA Ø 50 CM - KG 30"
"BASI OMBRELLONE","BASE OMBRELLONE NETTUNO QUADRA CM 45X45 - KG 25"
"BASI OMBRELLONE","BASE OMBRELLONE GIOVE TONDA Ø 58 CM - KG 50"
"BASI OMBRELLONE","BASE OMBRELLONE MARTE"
"GAZEBO","GAZEBO LAMBRO CM 300X300"
"GAZEBO","GAZEBO LAMBRO CM 300X400"
"GAZEBO","GAZEBO SESIA CM 300X300"
"GAZEBO","GAZEBO SESIA CM 300X400"
"GAZEBO","GAZEBO TEVERE CM 300X300"
"GAZEBO","GAZEBO TEVERE CM 300X400"
"GAZEBO","GAZEBO VOLTURNO CM 300X300"
"GAZEBO","GAZEBO VOLTURNO CM 300X300"
"GAZEBO","GAZEBO OFANTO CM 300X300"
"GAZEBO","GAZEBO TICINO"
"GAZEBO","GAZEBO ARNO"
"AMACHE","AMACA CARACAS CM 130X230"
"AMACHE","AMACA CON SUPPORTO RIO CM 388X89X120 H"
"AMACHE","AMACA CON SUPPORTO ACAPULCO CM 410X95X152 H"
"COPERTURE","COPERTURA DIVANO 3 POSTI"
"COPERTURE","COPERTURE DIVANO 2 POSTI"
"COPERTURE","COPERTURA POLTRONA"
"COPERTURE","COPERTURA TAVOLO 150+SEDIE"
"COPERTURE","COPERTURA TAVOLO 200+SEDIE"
"COPERTURE","COPERTURA TAVOLO 240+SEDIE"
"COPERTURE","COPERTURA PER LETTINO"
"COPERTURE","COPERTURA OMBRELLONI PALO CONTRALE Ø 3 MT"
"COPERTURE","COPERTURA OMBRELLONI PALO CONTRALE 2X3 MT"
"COPERTURE","COPERTURA OMBRELLONI PALO CONTRALE 3X3 MT"
"COPERTURE","COPERTURA OMBRELLONI PALO CONTRALE 3X4 MT"
"COPERTURE","COPERTURA OMBRELLONI A BRACCIO 3X3 MT"
"COPERTURE","COPERTURA OMBRELLONI A BRACCIO 3X4 MT"
