AMACA,CON SUPPORTO
BASI PER TAVOLI,DA INTERNO
BASI PER TAVOLI,DA ESTERNO
BASI PER TAVOLI,GHISA
BASI PER TAVOLI,ALLUMINIO
BASI PER TAVOLI,ACCIAIO
BASI PER TAVOLI,RIBALTABILE
BASI PER TAVOLI,ALTA
BASI PER TAVOLI,PER TAVOLI TONDI
BASI PER TAVOLI,PER TAVOLI QUADRI
BASI PER TAVOLI,PER TAVOLI RETTANGOLARI
BASI PER TAVOLI,REGOLABILI
PIANI TAVOLI,DA INTERNO
PIANI TAVOLI,DA ESTERNO
PIANI TAVOLI,QUADRI
PIANI TAVOLI,TONDI
PIANI TAVOLI,RETTANGOLARI
LETTINI,IMPILABILE
LETTINI,ALLUMINIO
LETTINI,FERRO
LETTINI,INOX
LETTINI,TECNORATTAN
LETTINI,MATERIALI MISTI
LETTINI,RESINA
COPERTURE PER MOBILI E OMBRELLONI,OMBRELLONE
COPERTURE PER MOBILI E OMBRELLONI,MOBILI
CUSCINI,PER SEDIE
CUSCINI,PER LETTINI
CUSCINI,PER DIVANO
CUSCINI,PER POLTRONA
POLTRONE,TECNORATTAN
POLTRONE,ALLUMINIO
POLTRONE,INOX
POLTRONE,MATERIALI MISTI
POLTRONE,COMPONIBILI
POLTRONE,RESINA
DIVANI DIVANETTI E PANCHINE,TECNORATTAN
DIVANI DIVANETTI E PANCHINE,ALLUMINIO
DIVANI DIVANETTI E PANCHINE,ACCIAIO
DIVANI DIVANETTI E PANCHINE,MATERIALI MISTI
DIVANI DIVANETTI E PANCHINE,RESINA
SOFA' E SGABELLI POGGIAPIEDI,TECNORATTAN
SOFA' E SGABELLI POGGIAPIEDI,ALLUMINIO
SOFA' E SGABELLI POGGIAPIEDI,ACCIAIO
SOFA' E SGABELLI POGGIAPIEDI,MATERIALI MISTI
TAVOLINI,TECNORATTAN
TAVOLINI,ALLUMINIO
TAVOLINI,ACCIAIO
TAVOLINI,FERRO
TAVOLINI,RESINA
TAVOLINI,MATERIALI MISTI
TAVOLINI,PIANO IN TEAK
TAVOLINI,PIANO IN VETRO
TAVOLINI,TONDI
TAVOLINI,RETTANGOLARI
TAVOLINI,QUADRI
TAVOLINI,OVALI
FIORIERE,QUADRE
FIORIERE,RETTANGOLARI
FIORIERE,TONDE
FIORIERE,ALTE
GAZEBO PERGOLE E STRUTTURE OMBREGGIANTI,ALLUMINIO
GAZEBO PERGOLE E STRUTTURE OMBREGGIANTI,ACCIAIO
GAZEBO PERGOLE E STRUTTURE OMBREGGIANTI,MISTO
GAZEBO PERGOLE E STRUTTURE OMBREGGIANTI,FERRO
GAZEBO PERGOLE E STRUTTURE OMBREGGIANTI,QUADRO
GAZEBO PERGOLE E STRUTTURE OMBREGGIANTI,RETTANGOLARE
GAZEBO PERGOLE E STRUTTURE OMBREGGIANTI,CON TENDE DI CHIUSURA
OMBRELLONI,A BRACCIO
OMBRELLONI,A PALO CENTRALE
OMBRELLONI,LEGNO
OMBRELLONI,METALLO
SGABELLI,POLICARBONATO
SGABELLI,POLIPROPILENE
SGABELLI,TECNORATTAN
SGABELLI,ALLUMINIO
SGABELLI,CON BRACCIOLI
SGABELLI,CON SCHIENALE
SEDIE E POLTRONCINE,CON BRACCIOLO
SEDIE E POLTRONCINE,SENZA BRACCIOLO
SEDIE E POLTRONCINE,IMPILABILE
SEDIE E POLTRONCINE,FERRO
SEDIE E POLTRONCINE,ALLUMINIO
SEDIE E POLTRONCINE,TECNORATTAN
SEDIE E POLTRONCINE,ACCIAIO INOX
SEDIE E POLTRONCINE,MATERIALI MISTI
SEDIE E POLTRONCINE,POLICARBONATO
SEDIE E POLTRONCINE,POLIPORPILENE
SEDIE E POLTRONCINE,RESINA
TAVOLI,TECNORATTAN
TAVOLI,ALLUMINIO
TAVOLI,FERRO
TAVOLI,ACCIAIO INOX
TAVOLI,POLICARBONATO
TAVOLI,POLIPORPILENE
TAVOLI,RESINA
TAVOLI,MATERIALI MISTI
TAVOLI,PIANO IN TEAK
TAVOLI,PIANO IN VETRO
TAVOLI,HPL
TAVOLI,TONDI
TAVOLI,RETTANGOLARI
TAVOLI,QUADRI
TAVOLI,OVALI
TAVOLI,ALLUNGABILI
TAVOLI,DA BAR
